Feature,Importance (%)
Absences,72.71375849533291
Tutoring,6.498936596652123
ParentalSupport,5.236184766519505
Extracurricular,4.392634100121153
StudyTimeWeekly,4.1017239896838555
Sports,3.4520828403659687
Music,2.1135788634210444
Volunteering,0.3919740261059307
ParentalEducation,0.3265588870049483
Age,0.2797312320312597
Gender,0.2754933963479009
Ethnicity,0.2173428064133916
